user	宿泊当日は朝から自家用車を無料で駐車する事ができ、宿泊前の観光を落ち着いて楽しむ事ができました。
user	チェックインの際にウエルカムドリンクがサービスでついていて満足感がある上、チェックイン対応もとても良かったです。
user	部屋は清潔感があり、家族6人でも十分広く開放感がありました。
user	夕食はホテルの外で食べましたが、周辺には地元で採れた食材を使用した飲食店や、そばやうどん等の和食を中心とした飲食店が多くあり便利でした。
user	部屋に通常の風呂があるだけでなくホテル内に大浴場もあり、身体に良い効能の温泉湯にゆっくりつかる事ができました。
user	部屋に一人一つずつ、フェイスタオルとバスタオルがあるだけでなく、大浴場にも自由に使えるフェイスタオルとバスタオルがあり助かりました。
user	朝食はホテルレストランでバイキングをいただきましたが、どれも凄く美味しく、中にはこのレストランで通常の料理として提供している料理もあり、豪華な朝食だと感じました。
user	今回はマイカーで来ましたが、ホテルの近くにも便利な駅もあり交通の便も良いと感じました。
user	ホテル周辺には、小さな子供から大人まで楽しめる商業施設や体験ができる手作り教室等があり、一日中楽しむ事ができると思いました。
user	チェックインとチェックアウトの際も、スタッフの方には丁寧な対応をしていただきました。
user	家族皆が満足できました。
user	また来たいと思います。
